City_ID,City,Country,Date,Lat,Lng,Max Temp,Humidity,Cloudiness,Wind Speed
0,Kasungu,MW,2021-09-10 23:33:28,-13.0333,33.4833,62.89,67,0,8.7
1,Jamestown,US,2021-09-10 23:30:01,42.097,-79.2353,65.79,68,1,3.0
2,Punta Arenas,CL,2021-09-10 23:22:24,-53.15,-70.9167,42.91,61,20,25.32
3,Busselton,AU,2021-09-10 23:26:19,-33.65,115.3333,47.08,85,49,9.48
4,Butaritari,KI,2021-09-10 23:26:28,3.0707,172.7902,83.5,73,20,15.59
5,Rikitea,PF,2021-09-10 23:33:28,-23.1203,-134.9692,73.54,78,53,13.49
6,Tuktoyaktuk,CA,2021-09-10 23:22:06,69.4541,-133.0374,55.4,58,40,20.71
7,Ballina,AU,2021-09-10 23:33:29,-28.8667,153.5667,69.76,52,0,1.14
8,Atuona,PF,2021-09-10 23:25:33,-9.8,-139.0333,78.33,72,16,17.72
9,Nikolskoye,RU,2021-09-10 23:26:48,59.7035,30.7861,47.01,82,72,4.38
10,Cidreira,BR,2021-09-10 23:28:08,-30.1811,-50.2056,61.3,72,72,12.73
11,Alofi,NU,2021-09-10 23:27:01,-19.0595,-169.9187,80.49,78,100,10.36
12,Mataura,NZ,2021-09-10 23:26:22,-46.1927,168.8643,44.47,92,90,5.12
13,Roald,NO,2021-09-10 23:33:30,62.5833,6.1333,58.12,87,90,14.97
14,Pizarro,CO,2021-09-10 23:33:30,4.9533,-77.366,77.38,89,99,8.41
15,Hermanus,ZA,2021-09-10 23:22:59,-34.4187,19.2345,52.9,80,51,3.47
16,Sao Filipe,CV,2021-09-10 23:27:39,14.8961,-24.4956,78.66,81,100,6.85
17,Bluff,NZ,2021-09-10 23:26:21,-46.6,168.3333,44.8,77,68,16.2
18,Hithadhoo,MV,2021-09-10 23:26:28,-0.6,73.0833,82.69,69,41,3.31
19,Santa Cruz Del Sur,CU,2021-09-10 23:33:31,20.7147,-77.9956,82.31,71,20,4.09
20,Mount Gambier,AU,2021-09-10 23:33:31,-37.8333,140.7667,57.11,82,90,16.11
21,Kloulklubed,PW,2021-09-10 23:33:32,7.0419,134.2556,82.9,73,100,14.16
22,Filadelfia,US,2021-09-10 23:31:32,39.9523,-75.1638,71.98,58,1,1.01
23,Atherton,GB,2021-09-10 23:33:32,53.5237,-2.4935,65.28,91,76,7.02
24,Chilca,PE,2021-09-10 23:33:32,-12.5211,-76.7372,60.96,88,99,5.59
25,Albany,US,2021-09-10 23:22:19,42.6001,-73.9662,65.05,55,12,1.99
26,Chiajna,RO,2021-09-10 23:33:33,44.46,25.9733,61.74,64,0,3.44
27,Mahebourg,MU,2021-09-10 23:21:59,-20.4081,57.7,70.09,73,75,8.05
28,Qaanaaq,GL,2021-09-10 23:33:33,77.484,-69.3632,18.52,68,80,6.31
29,Kodiak,US,2021-09-10 23:27:03,57.79,-152.4072,62.11,55,1,14.97
30,Farah,AF,2021-09-10 23:33:34,32.5,62.5,68.27,24,0,4.07
31,Hobart,AU,2021-09-10 23:24:30,-42.8794,147.3294,55.26,67,20,1.99
32,Touros,BR,2021-09-10 23:33:34,-5.1989,-35.4608,77.9,79,52,16.91
33,Qasigiannguit,GL,2021-09-10 23:33:35,68.8193,-51.1922,26.85,62,2,6.67
34,Narsaq,GL,2021-09-10 23:27:02,60.9167,-46.05,44.82,89,100,1.88
35,Eureka,US,2021-09-10 23:27:26,40.8021,-124.1637,73.67,77,72,1.99
36,Bambous Virieux,MU,2021-09-10 23:27:29,-20.3428,57.7575,70.05,73,75,8.05
37,Caravelas,BR,2021-09-10 23:27:43,-17.7125,-39.2481,74.84,81,26,10.0
38,Yellowknife,CA,2021-09-10 23:28:58,62.456,-114.3525,54.12,54,40,5.75
39,New Norfolk,AU,2021-09-10 23:26:17,-42.7826,147.0587,54.9,89,85,3.58
40,Namatanai,PG,2021-09-10 23:23:10,-3.6667,152.4333,83.88,69,19,10.42
41,Tezu,IN,2021-09-10 23:33:36,27.9167,96.1667,76.82,67,40,3.74
42,Novo Lino,BR,2021-09-10 23:33:36,-8.915,-35.6467,72.93,83,73,3.31
43,Tecoanapa,MX,2021-09-10 23:27:22,16.5167,-98.75,84.09,72,68,7.43
44,Huizhou,CN,2021-09-10 23:33:37,23.0833,114.4,82.49,81,13,1.86
45,Egvekinot,RU,2021-09-10 23:27:50,66.3167,-179.1667,29.64,80,99,24.45
46,Ostrovnoy,RU,2021-09-10 23:27:17,68.0531,39.5131,40.3,92,100,18.41
47,Ushuaia,AR,2021-09-10 23:26:35,-54.8,-68.3,38.86,87,20,8.05
48,Santander,ES,2021-09-10 23:33:37,43.4647,-3.8044,64.45,94,0,1.99
49,Sawakin,SD,2021-09-10 23:28:20,19.1059,37.3321,89.76,50,25,2.1
50,Cape Town,ZA,2021-09-10 23:22:16,-33.9258,18.4232,54.01,83,0,3.0
51,Carnarvon,AU,2021-09-10 23:22:01,-24.8667,113.6333,59.07,72,14,14.97
52,Mar Del Plata,AR,2021-09-10 23:22:12,-38.0023,-57.5575,51.82,100,90,4.61
53,Killybegs,IE,2021-09-10 23:33:39,54.6333,-8.45,58.44,95,100,9.95
54,Avarua,CK,2021-09-10 23:27:00,-21.2078,-159.775,78.85,73,20,9.22
55,Lompoc,US,2021-09-10 23:27:07,34.6391,-120.4579,86.22,76,1,16.11
56,Avera,US,2021-09-10 23:33:39,33.194,-82.5271,82.27,41,0,4.85
57,Thompson,CA,2021-09-10 23:28:49,55.7435,-97.8558,53.76,71,75,23.02
58,Kununurra,AU,2021-09-10 23:27:48,-15.7667,128.7333,73.38,49,5,0.0
59,Magadan,RU,2021-09-10 23:33:40,59.5667,150.8,47.25,42,100,15.01
60,Mayo,US,2021-09-10 23:26:20,38.8876,-76.5119,74.25,69,20,1.01
61,Nelson Bay,AU,2021-09-10 23:27:11,-32.7167,152.15,71.29,70,0,5.19
62,Poum,NC,2021-09-10 23:27:25,-20.2333,164.0167,70.61,61,12,6.35
63,Sarvar,HU,2021-09-10 23:33:40,47.2539,16.9352,51.66,46,5,3.71
64,Port Alfred,ZA,2021-09-10 23:21:53,-33.5906,26.891,66.27,70,19,11.39
65,Terrace,CA,2021-09-10 23:30:24,54.5163,-128.6035,58.91,82,90,3.44
66,North Bend,US,2021-09-10 23:33:41,43.4065,-124.2243,73.94,72,1,13.8
67,Ugoofaaru,MV,2021-09-10 23:33:41,5.6667,73.0,81.75,73,75,8.32
68,Comodoro Rivadavia,AR,2021-09-10 23:27:12,-45.8667,-67.5,64.26,36,0,13.8
69,Teahupoo,PF,2021-09-10 23:33:42,-17.8333,-149.2667,76.96,64,31,9.48
70,Ribeira Grande,PT,2021-09-10 23:26:35,38.5167,-28.7,71.01,66,57,16.28
71,Fortuna,US,2021-09-10 23:26:44,40.5982,-124.1573,80.19,69,75,4.0
72,Kapaa,US,2021-09-10 23:26:33,22.0752,-159.319,84.52,68,75,3.0
73,Berlevag,NO,2021-09-10 23:27:24,70.8578,29.0864,42.73,83,61,13.02
74,Alcudia,ES,2021-09-10 23:33:43,39.8532,3.1214,74.19,75,1,6.82
75,Geraldton,AU,2021-09-10 23:26:28,-28.7667,114.6,54.01,94,90,4.61
76,Sao Joao Da Barra,BR,2021-09-10 23:24:03,-21.6403,-41.0511,74.21,85,38,12.01
77,Atar,MR,2021-09-10 23:33:44,20.5169,-13.0499,95.52,32,89,15.9
78,Aswan,EG,2021-09-10 23:33:44,24.0934,32.907,83.5,30,0,12.66
79,Imbituba,BR,2021-09-10 23:33:44,-28.24,-48.6703,64.29,76,46,2.26
80,Tahta,EG,2021-09-10 23:33:45,26.7693,31.5021,80.92,42,0,14.52
81,Denpasar,ID,2021-09-10 23:22:37,-8.65,115.2167,78.46,94,40,9.22
82,Parksville,CA,2021-09-10 23:30:24,49.3163,-124.3195,75.69,61,67,1.99
83,Khatanga,RU,2021-09-10 23:21:57,71.9667,102.5,51.03,66,59,13.91
84,Castro,BR,2021-09-10 23:26:28,-24.7911,-50.0119,59.25,41,5,4.76
85,Vao,NC,2021-09-10 23:22:17,-22.6667,167.4833,66.94,64,100,14.18
86,Kalmunai,LK,2021-09-10 23:33:46,7.4167,81.8167,77.81,83,100,8.79
87,Puerto Ayora,EC,2021-09-10 23:21:48,-0.7393,-90.3518,70.56,89,83,8.99
88,Wucheng,CN,2021-09-10 23:33:46,29.6008,118.175,79.77,79,7,2.48
89,Vaini,TO,2021-09-10 23:26:33,-21.2,-175.2,77.16,83,40,9.22
90,Pisco,PE,2021-09-10 23:24:53,-13.7,-76.2167,60.85,82,75,4.61
91,Asau,RO,2021-09-10 23:27:35,46.4333,26.4,57.76,45,82,3.89
92,Tiksi,RU,2021-09-10 23:27:45,71.6872,128.8694,46.38,73,72,7.83
93,Bilibino,RU,2021-09-10 23:27:51,68.0546,166.4372,29.07,77,99,8.25
94,Mariakani,KE,2021-09-10 23:33:47,-3.8633,39.4736,67.24,93,35,6.96
95,Benjamin Aceval,PY,2021-09-10 23:33:48,-24.9667,-57.5667,69.94,37,90,2.86
96,Hamilton,US,2021-09-10 23:33:48,39.1834,-84.5333,76.05,56,75,4.61
97,Opotiki,NZ,2021-09-10 23:33:48,-38.0833,177.2833,59.59,42,45,10.25
98,Charleston,US,2021-09-10 23:29:08,32.7766,-79.9309,78.98,75,1,3.0
99,Polis,CY,2021-09-10 23:27:09,35.0367,32.4264,76.82,81,45,14.56
100,Banda Aceh,ID,2021-09-10 23:33:49,5.5577,95.3222,79.05,74,100,10.31
101,Saint-Philippe,RE,2021-09-10 23:26:41,-21.3585,55.7679,69.35,79,35,8.08
102,Atasu,KZ,2021-09-10 23:33:49,48.6814,71.6433,60.53,27,99,16.17
103,Provideniya,RU,2021-09-10 23:26:37,64.3833,-173.3,41.36,97,100,5.91
104,Haysville,US,2021-09-10 23:33:50,37.5645,-97.3523,92.34,39,1,3.0
105,Leningradskiy,RU,2021-09-10 23:23:55,69.3833,178.4167,30.36,91,100,6.87
106,Longyearbyen,SJ,2021-09-10 23:26:34,78.2186,15.6401,33.64,75,0,6.91
107,Mnogovershinnyy,RU,2021-09-10 23:33:51,53.9353,139.9242,49.93,70,100,10.49
108,Antofagasta,CL,2021-09-10 23:28:07,-23.65,-70.4,56.48,72,23,5.1
109,Mehamn,NO,2021-09-10 23:33:51,71.0357,27.8492,42.66,76,72,14.94
110,Arraial Do Cabo,BR,2021-09-10 23:22:22,-22.9661,-42.0278,73.36,94,75,4.61
111,Jalingo,NG,2021-09-10 23:28:48,8.8833,11.3667,72.52,97,87,0.96
112,Bolu,TR,2021-09-10 23:33:52,40.6667,31.5833,53.83,96,76,2.15
113,Srandakan,ID,2021-09-10 23:33:52,-7.9386,110.2506,77.97,84,99,8.61
114,Omoljica,RS,2021-09-10 23:33:52,44.7606,20.7281,71.64,40,6,5.26
115,Klerksdorp,ZA,2021-09-10 23:30:34,-26.8521,26.6667,57.15,42,3,9.31
116,Bathsheba,BB,2021-09-10 23:26:47,13.2167,-59.5167,83.01,90,40,13.8
117,Dikson,RU,2021-09-10 23:23:34,73.5069,80.5464,40.69,96,100,8.5
118,Kavaratti,IN,2021-09-10 23:33:53,10.5669,72.642,81.97,75,100,15.64
119,Hami,CN,2021-09-10 23:27:26,42.8,93.45,71.55,34,81,17.69
120,Tarauaca,BR,2021-09-10 23:33:54,-8.1614,-70.7656,73.53,92,99,2.06
121,Torbay,CA,2021-09-10 23:27:03,47.6666,-52.7314,66.27,97,90,24.16
122,Richards Bay,ZA,2021-09-10 23:33:54,-28.783,32.0377,63.52,70,4,17.43
123,Shunyi,CN,2021-09-10 23:33:54,40.125,116.6453,73.35,94,55,2.24
124,Ambilobe,MG,2021-09-10 23:33:55,-13.2,49.05,72.25,62,69,4.32
125,Gorele,TR,2021-09-10 23:33:55,41.0308,39.0031,72.84,86,100,6.46
126,East London,ZA,2021-09-10 23:22:05,-33.0153,27.9116,73.58,52,84,4.74
127,Vostok,RU,2021-09-10 23:33:56,46.4856,135.8833,61.32,74,81,1.1
128,Sitka,US,2021-09-10 23:33:56,57.0531,-135.33,57.09,72,90,14.97
129,Vila Franca Do Campo,PT,2021-09-10 23:33:56,37.7167,-25.4333,70.21,86,38,8.28
130,Grand Gaube,MU,2021-09-10 23:28:22,-20.0064,57.6608,70.2,75,1,3.0
131,Boyolangu,ID,2021-09-10 23:33:57,-8.1181,111.8935,76.89,85,84,6.89
132,Kyabe,TD,2021-09-10 23:33:57,9.4515,18.9449,70.5,96,40,4.34
133,Katsuura,JP,2021-09-10 23:27:14,35.1333,140.3,73.51,77,76,5.14
134,Riyadh,SA,2021-09-10 23:30:17,24.6877,46.7219,82.54,14,30,9.13
135,Bubaque,GW,2021-09-10 23:33:58,11.2833,-15.8333,76.39,91,99,11.5
136,El Tocuyo,VE,2021-09-10 23:33:58,9.7873,-69.7937,91.26,87,100,6.17
137,Palauig,PH,2021-09-10 23:33:58,15.435,119.9045,79.11,93,100,11.48
138,Ponta Do Sol,PT,2021-09-10 23:26:30,32.6667,-17.1,76.01,85,24,1.54
139,San Policarpo,PH,2021-09-10 23:33:59,12.1791,125.5072,82.17,76,100,7.16
140,Cuamba,MZ,2021-09-10 23:33:59,-14.8031,36.5372,62.82,66,2,8.7
141,Bharthana,IN,2021-09-10 23:33:59,26.7571,79.2248,78.75,86,100,6.44
142,Koltsovo,RU,2021-09-10 23:34:00,54.9376,83.1825,51.19,89,100,4.0
143,Atambua,ID,2021-09-10 23:34:00,-9.1061,124.8925,79.75,53,31,1.97
144,Lagoa,PT,2021-09-10 23:34:01,39.05,-27.9833,69.49,74,13,19.1
145,Port-Gentil,GA,2021-09-10 23:26:25,-0.7193,8.7815,78.76,83,90,10.36
146,Cabo San Lucas,MX,2021-09-10 23:25:15,22.8909,-109.9124,85.51,78,75,1.99
147,Strone,GB,2021-09-10 23:34:01,55.9856,-4.908,62.91,97,81,3.02
148,Esperance,AU,2021-09-10 23:23:05,-33.8667,121.9,55.9,76,51,16.91
149,Nanortalik,GL,2021-09-10 23:26:37,60.1432,-45.2371,44.96,84,100,3.83
150,Faanui,PF,2021-09-10 23:26:29,-16.4833,-151.75,76.86,65,61,11.83
151,Saint-Denis,FR,2021-09-10 23:34:02,48.9167,2.3333,65.75,90,0,5.75
152,Novobelokatay,RU,2021-09-10 23:34:02,55.7062,58.9549,41.83,59,76,13.78
153,Clinton,US,2021-09-10 23:28:36,42.587,-82.9199,76.05,61,40,5.75
154,Havre-Saint-Pierre,CA,2021-09-10 23:34:03,50.2334,-63.5986,57.56,94,90,14.97
155,Hilo,US,2021-09-10 23:26:43,19.7297,-155.09,86.29,67,1,10.36
156,Luderitz,NA,2021-09-10 23:26:57,-26.6481,15.1594,57.67,66,5,6.46
157,Talcahuano,CL,2021-09-10 23:25:15,-36.7167,-73.1167,55.08,88,90,4.61
158,Port Elizabeth,ZA,2021-09-10 23:26:44,-33.918,25.5701,57.49,82,0,5.75
159,Koubia,GN,2021-09-10 23:34:04,11.5833,-11.9,65.64,97,93,4.0
160,Rivera,UY,2021-09-10 23:34:04,-30.9053,-55.5508,56.14,79,100,4.5
161,Kochevo,RU,2021-09-10 23:34:04,59.5994,54.3125,36.97,90,98,7.58
162,Preobrazheniye,RU,2021-09-10 23:34:05,42.9019,133.9064,69.13,79,62,1.9
163,Xinyang,CN,2021-09-10 23:34:05,32.1228,114.0656,77.54,71,0,1.83
164,Upernavik,GL,2021-09-10 23:26:24,72.7868,-56.1549,30.99,65,49,6.4
165,Redding,US,2021-09-10 23:23:12,40.5865,-122.3917,90.93,38,1,5.01
166,Poronaysk,RU,2021-09-10 23:34:06,49.2167,143.1167,54.55,94,100,15.26
167,Masindi,UG,2021-09-10 23:28:51,1.6744,31.715,63.86,95,37,1.77
168,Walvis Bay,NA,2021-09-10 23:28:50,-22.9575,14.5053,55.09,82,0,5.75
169,Alto Piquiri,BR,2021-09-10 23:34:06,-24.0281,-53.4406,63.95,52,65,3.29
170,Cherskiy,RU,2021-09-10 23:22:36,68.75,161.3,35.24,58,25,9.26
171,Jiangyou,CN,2021-09-10 23:34:07,31.7667,104.7167,71.87,81,53,2.33
172,Anadyr,RU,2021-09-10 23:34:07,64.75,177.4833,41.5,75,20,26.84
173,Sturgeon Bay,US,2021-09-10 23:34:07,44.8342,-87.377,71.58,68,20,11.5
174,Chokurdakh,RU,2021-09-10 23:23:23,70.6333,147.9167,35.58,64,67,8.19
175,Sydney Mines,CA,2021-09-10 23:34:08,46.2367,-60.2177,71.19,97,90,1.01
176,Timra,SE,2021-09-10 23:34:08,62.487,17.3257,55.67,100,90,2.3
177,Faya,SA,2021-09-10 23:23:41,18.3851,42.4509,69.91,30,62,1.92
178,Tasiilaq,GL,2021-09-10 23:22:40,65.6145,-37.6368,35.76,53,5,8.14
179,Bethel,US,2021-09-10 23:26:31,41.3712,-73.414,70.16,68,20,3.44
180,Iqaluit,CA,2021-09-10 23:28:28,63.7506,-68.5145,35.33,87,90,0.0
181,Goryachegorsk,RU,2021-09-10 23:34:09,55.4053,88.9154,43.27,72,84,6.42
182,Kyshtovka,RU,2021-09-10 23:34:09,56.555,76.6271,48.49,96,100,12.71
183,Clyde River,CA,2021-09-10 23:27:27,70.4692,-68.5914,32.88,71,42,3.65
184,Cururupu,BR,2021-09-10 23:34:10,-1.8283,-44.8683,75.51,82,18,4.92
185,Ekhabi,RU,2021-09-10 23:34:10,53.5102,142.9671,54.48,57,95,15.12
186,Ust-Shonosha,RU,2021-09-10 23:34:10,61.1531,41.343,36.95,94,25,4.7
187,Kirakira,SB,2021-09-10 23:34:11,-10.4544,161.9205,82.6,76,46,12.26
188,Kaitangata,NZ,2021-09-10 23:27:02,-46.2817,169.8464,47.53,75,59,8.41
189,Sheridan,US,2021-09-10 23:34:11,44.8333,-106.9173,93.38,23,1,8.05
190,Port Augusta,AU,2021-09-10 23:34:12,-32.5,137.7667,75.7,15,0,12.93
191,Arrecife,ES,2021-09-10 23:34:05,28.963,-13.5477,73.47,83,20,14.97
192,Maarianhamina,AX,2021-09-10 23:34:12,60.0973,19.9348,57.06,100,90,4.61
193,Nyurba,RU,2021-09-10 23:34:12,63.2842,118.3319,52.32,61,13,4.16
194,Maneadero,MX,2021-09-10 23:34:13,31.7167,-116.5667,87.19,78,20,3.0
195,Carolina,PR,2021-09-10 23:34:13,18.3808,-65.9574,84.76,77,20,10.36
196,Bogotol,RU,2021-09-10 23:34:14,56.2078,89.5342,48.52,57,98,13.67
197,Saldanha,ZA,2021-09-10 23:29:07,-33.0117,17.9442,46.45,93,57,8.28
198,Mugur-Aksy,RU,2021-09-10 23:34:14,50.35,90.5,36.79,65,19,2.04
199,Atbasar,KZ,2021-09-10 23:34:14,51.8,68.3333,53.73,76,100,14.03
200,Yulara,AU,2021-09-10 23:26:59,-25.2406,130.9889,60.64,16,0,4.61
201,Naugachhia,IN,2021-09-10 23:34:15,25.4,87.1,77.79,93,99,13.11
202,Siocon,PH,2021-09-10 23:34:15,7.7061,122.1353,82.81,73,88,2.95
203,Flin Flon,CA,2021-09-10 23:34:15,54.7682,-101.865,60.64,44,75,19.57
204,Bredasdorp,ZA,2021-09-10 23:26:39,-34.5322,20.0403,51.12,87,99,2.3
205,Seydi,TM,2021-09-10 23:34:16,39.4816,62.9137,61.59,18,0,9.8
206,Tulsipur,NP,2021-09-10 23:34:16,28.131,82.2973,72.07,85,82,4.59
207,Muros,ES,2021-09-10 23:34:17,42.7762,-9.0603,64.24,95,19,5.73
208,Salalah,OM,2021-09-10 23:27:38,17.0151,54.0924,78.89,100,90,2.3
209,Labuan,MY,2021-09-10 23:34:17,5.2767,115.2417,79.16,94,20,0.0
210,Vestmannaeyjar,IS,2021-09-10 23:28:15,63.4427,-20.2734,52.25,82,100,13.44
211,Amapa,BR,2021-09-10 23:34:18,1.0,-52.0,79.47,66,37,6.91
212,Cabras,IT,2021-09-10 23:34:18,39.93,8.5314,70.7,88,52,3.62
213,Urumqi,CN,2021-09-10 23:34:18,43.801,87.6005,58.15,77,75,4.47
214,Halifax,CA,2021-09-10 23:25:24,44.6453,-63.5724,66.99,85,100,1.99
215,Arona,ES,2021-09-10 23:34:19,28.0996,-16.681,81.72,78,0,20.71
216,Dongsheng,CN,2021-09-10 23:27:56,39.8161,109.9776,64.74,47,1,6.96
217,Tuatapere,NZ,2021-09-10 23:28:04,-46.1333,167.6833,44.82,82,81,7.23
218,Nichinan,JP,2021-09-10 23:34:19,31.6,131.3667,78.48,66,11,2.44
219,Half Moon Bay,US,2021-09-10 23:34:20,37.4636,-122.4286,86.58,79,1,3.0
220,Moose Factory,CA,2021-09-10 23:34:20,51.2585,-80.6094,60.78,72,1,5.75
221,Nanakuli,US,2021-09-10 23:34:20,21.3906,-158.1547,85.37,56,75,11.5
222,Channel-Port Aux Basques,CA,2021-09-10 23:34:21,47.5702,-59.1367,63.55,98,100,15.52
223,Minab,IR,2021-09-10 23:34:21,27.1467,57.0801,87.3,45,4,0.96
224,Sultanpur,IN,2021-09-10 23:34:21,26.2667,82.0667,79.61,82,80,7.02
225,Karasjok,NO,2021-09-10 23:34:22,69.4719,25.5112,41.11,82,26,10.4
226,Cuajinicuilapa,MX,2021-09-10 23:34:22,16.4667,-98.4167,79.34,86,77,4.0
227,Manubul,PH,2021-09-10 23:34:22,5.4732,120.7986,83.08,76,99,9.28
228,Saint-Pierre,RE,2021-09-10 23:27:56,-21.3393,55.4781,69.44,83,0,2.3
229,Kahului,US,2021-09-10 23:27:05,20.8947,-156.47,85.26,63,20,18.41
230,Nsanje,MW,2021-09-10 23:34:23,-16.92,35.262,69.94,60,35,4.72
231,San Patricio,US,2021-09-10 23:28:39,28.017,-97.5169,91.81,49,2,17.83
232,Lebu,CL,2021-09-10 23:28:01,-37.6167,-73.65,52.36,88,100,0.63
233,Tura,IN,2021-09-10 23:29:00,25.5198,90.2201,74.34,96,99,5.28
234,Ahipara,NZ,2021-09-10 23:34:23,-35.1667,173.1667,58.57,60,13,15.28
235,Klaksvik,FO,2021-09-10 23:26:23,62.2266,-6.589,49.12,74,48,6.89
236,Pevek,RU,2021-09-10 23:27:32,69.7008,170.3133,31.62,71,86,13.0
237,Zapolyarnyy,RU,2021-09-10 23:34:24,69.4154,30.8136,36.68,93,36,11.01
238,Gamba,GA,2021-09-10 23:27:48,-2.65,10.0,75.45,87,37,5.57
239,Airai,TL,2021-09-10 23:22:42,-8.9266,125.4092,65.1,59,40,2.98
240,Kaeo,NZ,2021-09-10 23:34:24,-35.1,173.7833,63.32,59,4,12.37
241,Sungai Besar,MY,2021-09-10 23:34:25,3.6746,100.9867,78.85,84,83,3.06
242,Santa Maria Del Oro,MX,2021-09-10 23:34:25,25.9333,-105.3667,77.07,30,21,13.42
243,Cadillac,US,2021-09-10 23:34:25,44.2519,-85.4012,70.83,64,1,4.61
244,Lugovoy,KZ,2021-09-10 23:34:26,42.9472,72.7644,55.38,64,0,4.47
245,Vilhena,BR,2021-09-10 23:34:26,-12.7406,-60.1458,79.02,65,20,3.44
246,Yilan,TW,2021-09-10 23:34:27,24.757,121.753,84.31,81,59,5.55
247,Kendari,ID,2021-09-10 23:27:42,-3.945,122.4989,75.88,93,99,1.14
248,Monrovia,LR,2021-09-10 23:34:27,6.3005,-10.7969,75.72,88,100,3.47
249,Mecca,SA,2021-09-10 23:32:16,21.4267,39.8261,90.46,43,36,3.33
250,Sorong,ID,2021-09-10 23:34:28,-0.8833,131.25,79.54,83,99,2.68
251,Jitra,MY,2021-09-10 23:34:28,6.2681,100.4217,76.89,94,20,0.0
252,Souillac,MU,2021-09-10 23:26:50,-20.5167,57.5167,70.18,73,75,8.05
253,Fort Nelson,CA,2021-09-10 23:30:24,58.8053,-122.7002,65.79,52,75,8.05
254,Batemans Bay,AU,2021-09-10 23:30:07,-35.7167,150.1833,69.19,34,5,9.82
255,Entre Rios,BR,2021-09-10 23:34:29,-11.9419,-38.0844,66.24,91,0,4.59
256,Ust-Nera,RU,2021-09-10 23:34:29,64.5667,143.2,45.12,39,24,3.53
257,Naryan-Mar,RU,2021-09-10 23:34:29,67.6713,53.087,35.28,94,63,8.99
258,Georgetown,MY,2021-09-10 23:23:53,5.4112,100.3354,79.9,87,20,0.0
259,Invermere,CA,2021-09-10 23:34:30,50.5167,-116.0354,79.03,31,100,4.0
260,Acapulco,MX,2021-09-10 23:28:59,16.8634,-99.8901,84.02,79,75,8.05
261,Padang,ID,2021-09-10 23:23:04,-0.9492,100.3543,75.69,89,98,5.55
262,Ancud,CL,2021-09-10 23:26:25,-41.8697,-73.8203,50.43,96,100,12.37
263,Marsaxlokk,MT,2021-09-10 23:34:31,35.8419,14.5431,79.41,89,75,9.22
264,Conakry,GN,2021-09-10 23:31:48,9.538,-13.6773,77.16,84,100,10.49
265,Sangmelima,CM,2021-09-10 23:34:31,2.9333,11.9833,67.28,99,89,2.57
266,Djambala,CG,2021-09-10 23:34:32,-2.5447,14.7533,72.99,79,90,4.29
267,Bengkulu,ID,2021-09-10 23:27:21,-3.8004,102.2655,74.68,87,100,3.98
268,Barrow,US,2021-09-10 23:27:06,71.2906,-156.7887,35.62,93,90,14.97
269,Kamenka,RU,2021-09-10 23:34:32,51.3223,42.7678,58.84,74,80,6.53
270,Bairiki,KI,2021-09-10 23:34:33,1.3292,172.9752,82.4,89,75,13.8
271,Sambava,MG,2021-09-10 23:27:43,-14.2667,50.1667,67.66,86,41,11.01
272,Santa Cruz De La Palma,ES,2021-09-10 23:34:33,28.6835,-17.7642,75.34,73,0,5.75
273,Dourbali,TD,2021-09-10 23:34:33,11.8091,15.8632,73.2,86,100,6.8
274,Tall Kayf,TR,2021-09-10 23:34:34,37.0833,41.0667,73.71,52,0,6.71
275,Yeniseysk,RU,2021-09-10 23:34:34,58.4497,92.1703,41.38,85,43,7.14
276,Coihueco,CL,2021-09-10 23:34:35,-36.6167,-71.8333,57.94,88,0,2.3
277,Shirokiy,RU,2021-09-10 23:34:35,49.758,129.523,53.06,82,86,3.71
278,Phalombe,MW,2021-09-10 23:34:35,-15.8064,35.6507,58.53,74,35,5.14
279,Kavieng,PG,2021-09-10 23:27:22,-2.5744,150.7967,84.61,70,51,17.02
280,Namibe,AO,2021-09-10 23:29:01,-15.1961,12.1522,66.9,70,18,7.56
281,Laguna,US,2021-09-10 23:34:36,38.421,-121.4238,94.91,32,1,5.01
282,Kabare,CD,2021-09-10 23:34:36,-2.4683,28.8242,62.37,71,42,1.28
283,Fairbanks,US,2021-09-10 23:30:24,64.8378,-147.7164,64.36,57,75,0.0
284,Kruisfontein,ZA,2021-09-10 23:27:59,-34.0033,24.7314,53.89,84,5,2.57
285,Alta Floresta,BR,2021-09-10 23:34:37,-9.8756,-56.0861,77.38,67,35,2.89
286,Ola,RU,2021-09-10 23:34:37,59.5833,151.2833,47.08,42,100,17.45
287,Okhotsk,RU,2021-09-10 23:34:37,59.3833,143.3,53.4,59,41,7.49
288,Bernay,FR,2021-09-10 23:34:38,49.1667,0.6667,60.04,93,14,7.96
289,Odweyne,SO,2021-09-10 23:34:38,9.4092,45.064,74.59,56,48,17.65
290,Bontang,ID,2021-09-10 23:34:38,0.1333,117.5,78.91,84,99,3.94
291,Puerto Ayacucho,VE,2021-09-10 23:34:39,5.6639,-67.6236,77.9,86,95,5.64
292,Kalat,PK,2021-09-10 23:34:39,29.0225,66.5916,67.39,40,0,2.33
293,Husavik,IS,2021-09-10 23:34:39,66.0449,-17.3389,44.51,68,100,5.93
294,Khovu-Aksy,RU,2021-09-10 23:34:40,51.1333,93.6,40.53,58,81,1.3
295,Rio Cuarto,AR,2021-09-10 23:34:40,-33.1307,-64.3499,60.57,44,26,11.5
296,Thames,NZ,2021-09-10 23:34:40,-37.1333,175.5333,62.26,57,6,13.09
297,Araouane,ML,2021-09-10 23:26:20,18.9048,-3.5265,95.86,28,13,13.73
298,Hualmay,PE,2021-09-10 23:27:09,-11.0964,-77.6139,62.62,85,32,7.7
299,Broome,US,2021-09-10 23:22:02,42.2506,-75.833,63.66,69,23,3.76
300,The Valley,AI,2021-09-10 23:27:21,18.217,-63.0578,84.34,74,40,12.66
301,Timbiqui,CO,2021-09-10 23:34:41,2.7717,-77.6654,74.95,93,92,0.74
302,Shu,KZ,2021-09-10 23:34:41,43.5983,73.7614,55.98,59,0,4.88
303,Tautira,PF,2021-09-10 23:34:42,-17.7333,-149.15,82.42,67,28,10.29
304,Severo-Kurilsk,RU,2021-09-10 23:27:04,50.6789,156.125,49.23,59,35,20.15
305,Saskylakh,RU,2021-09-10 23:26:39,71.9167,114.0833,53.89,67,68,8.12
306,Nokaneng,BW,2021-09-10 23:34:42,-19.6667,22.2667,67.89,36,0,13.27
307,Waipawa,NZ,2021-09-10 23:28:03,-41.4122,175.5153,54.3,50,25,10.22
308,General Pico,AR,2021-09-10 23:31:12,-35.6566,-63.7568,53.04,80,6,8.77
309,Morki,RU,2021-09-10 23:34:43,56.4303,48.9947,40.46,96,6,5.03
310,Pilot Butte,CA,2021-09-10 23:34:43,50.4668,-104.4178,71.33,43,20,17.27
311,Nome,US,2021-09-10 23:27:10,64.5011,-165.4064,46.47,87,90,17.27
312,Kampot,KH,2021-09-10 23:30:17,10.6167,104.1833,78.85,84,100,8.12
313,Ca Mau,VN,2021-09-10 23:32:50,9.1769,105.15,77.16,93,100,5.19
314,Carauari,BR,2021-09-10 23:34:44,-4.8828,-66.8958,73.72,98,100,3.0
315,Port Macquarie,AU,2021-09-10 23:27:17,-31.4333,152.9167,64.36,38,0,4.5
316,Matamoros,MX,2021-09-10 23:34:44,25.5333,-103.25,89.71,23,1,0.0
317,Harda,IN,2021-09-10 23:34:45,22.3333,77.1,73.18,97,100,5.5
318,Los Llanos De Aridane,ES,2021-09-10 23:27:12,28.6585,-17.9182,71.35,73,0,5.75
319,Sabak,MY,2021-09-10 23:34:45,3.7675,100.9875,78.85,87,77,2.73
320,Norman Wells,CA,2021-09-10 23:27:06,65.282,-126.8329,62.64,48,75,16.11
321,Aksarka,RU,2021-09-10 23:34:46,66.5606,67.7975,42.84,76,100,11.45
322,Corner Brook,CA,2021-09-10 23:30:24,48.9667,-57.9484,73.56,94,100,6.2
323,La Jagua Del Pilar,CO,2021-09-10 23:34:46,10.5102,-73.071,78.76,80,100,3.85
324,Leh,IN,2021-09-10 23:34:46,34.1667,77.5833,54.86,66,83,4.99
325,Jiuquan,CN,2021-09-10 23:34:47,39.7432,98.5174,67.32,19,1,4.68
326,Ahuimanu,US,2021-09-10 23:34:47,21.4447,-157.8378,85.14,67,75,10.36
327,Port Lincoln,AU,2021-09-10 23:26:25,-34.7333,135.8667,59.05,77,33,13.27
328,Yashkino,RU,2021-09-10 23:34:47,55.8736,85.4265,47.35,88,100,13.8
329,Batagay-Alyta,RU,2021-09-10 23:27:28,67.8006,130.4114,49.1,41,76,1.88
330,Gerede,TR,2021-09-10 23:34:48,40.8008,32.1969,50.14,96,100,3.04
331,Krasnoselkup,RU,2021-09-10 23:34:48,65.7,82.4667,40.01,86,100,11.5
332,Kaifeng,CN,2021-09-10 23:34:49,34.7911,114.3483,74.26,80,0,7.58
333,Henties Bay,NA,2021-09-10 23:26:46,-22.116,14.2845,54.86,78,1,8.19
334,Penha,BR,2021-09-10 23:34:49,-26.7694,-48.6458,66.07,72,0,6.91
335,Mubi,NG,2021-09-10 23:34:50,10.2676,13.2644,71.13,92,74,5.57
336,Monki,PL,2021-09-10 23:34:50,53.405,22.7979,56.62,62,92,6.64
337,Mount Isa,AU,2021-09-10 23:27:30,-20.7333,139.5,73.17,33,0,4.61
338,Merauke,ID,2021-09-10 23:34:50,-8.4667,140.3333,78.03,86,100,6.85
339,La Estancia,MX,2021-09-10 23:34:51,20.4167,-100.0667,71.02,67,99,12.55
340,Werda,BW,2021-09-10 23:34:51,-25.2667,23.2833,61.83,47,1,12.82
341,Bonthe,SL,2021-09-10 23:34:51,7.5264,-12.505,76.26,91,100,11.32
342,Grindavik,IS,2021-09-10 23:26:34,63.8424,-22.4338,48.67,100,90,9.22
343,Morros,BR,2021-09-10 23:34:52,-9.4467,-46.3003,85.68,23,33,2.95
344,Along,IN,2021-09-10 23:34:52,28.1667,94.7667,70.7,77,33,1.32
345,Hambantota,LK,2021-09-10 23:34:53,6.1241,81.1185,79.02,84,100,16.24
346,Whitehorse,CA,2021-09-10 23:34:53,60.7161,-135.0538,56.01,66,75,11.5
347,Rameshki,RU,2021-09-10 23:34:53,57.3439,36.0453,45.9,96,15,4.61
348,Mangrol,IN,2021-09-10 23:34:54,21.1167,70.1167,80.17,86,97,6.44
349,Matamba,TZ,2021-09-10 23:34:54,-8.9833,33.9667,49.21,66,81,7.56
350,Sibolga,ID,2021-09-10 23:34:54,1.7427,98.7792,77.09,77,100,2.86
351,Burnie,AU,2021-09-10 23:27:40,-41.0667,145.9167,52.81,87,97,1.16
352,Korla,CN,2021-09-10 23:27:55,41.7597,86.1469,72.93,28,100,22.7
353,Sola,VU,2021-09-10 23:27:10,-13.8833,167.55,77.72,81,54,20.29
354,Lucea,JM,2021-09-10 23:34:55,18.451,-78.1736,80.46,80,52,6.96
355,Chake Chake,TZ,2021-09-10 23:34:55,-5.2459,39.7666,72.64,83,49,8.86
356,Zyryanka,RU,2021-09-10 23:34:56,65.75,150.85,38.95,56,92,5.23
357,Tateyama,JP,2021-09-10 23:31:05,34.9833,139.8667,80.87,79,78,6.76
358,Staroye Drozhzhanoye,RU,2021-09-10 23:34:56,54.7266,47.5677,43.59,91,3,6.26
359,Mareeba,AU,2021-09-10 23:34:56,-17.0,145.4333,74.48,81,93,7.49
360,Kilindoni,TZ,2021-09-10 23:34:57,-7.9139,39.6668,76.82,75,5,16.49
361,Mazagao,BR,2021-09-10 23:34:57,-0.115,-51.2894,86.05,76,23,7.94
362,Lindsay,US,2021-09-10 23:34:57,36.203,-119.0882,100.78,27,6,10.36
363,Valdosta,US,2021-09-10 23:32:00,30.8327,-83.2785,80.51,77,47,5.41
364,High Level,CA,2021-09-10 23:34:58,58.5169,-117.136,62.71,51,75,8.05
365,Sechura,PE,2021-09-10 23:34:58,-5.5569,-80.8222,67.64,76,14,14.88
366,Secovce,SK,2021-09-10 23:34:58,48.7007,21.661,54.79,56,11,3.62
367,Qujing,CN,2021-09-10 23:34:59,25.4833,103.7833,60.6,88,3,2.53
368,Koslan,RU,2021-09-10 23:34:59,63.4564,48.8989,39.63,82,75,7.05
369,Vardo,NO,2021-09-10 23:27:36,70.3705,31.1107,43.52,80,38,13.85
370,Lata,PT,2021-09-10 23:26:18,40.1629,-8.3327,65.8,90,52,1.57
371,Baghdad,IQ,2021-09-10 23:35:00,33.3406,44.4009,84.11,42,20,10.36
372,Storforshei,NO,2021-09-10 23:35:00,66.4043,14.5233,40.66,79,94,4.34
373,Suntar,RU,2021-09-10 23:35:00,62.1444,117.6319,54.5,68,46,4.61
374,Canguaretama,BR,2021-09-10 23:35:01,-6.38,-35.1289,77.49,79,27,11.83
375,Saint George,US,2021-09-10 23:26:42,37.1041,-113.5841,103.62,16,1,1.99
376,Kashi,CN,2021-09-10 23:35:03,39.4547,75.9797,74.41,16,40,13.42
377,Neubrandenburg,DE,2021-09-10 23:35:03,53.5667,13.2667,64.58,94,93,4.12
378,Constitucion,CL,2021-09-10 23:23:41,-35.3333,-72.4167,53.64,89,100,3.69
379,La Joya,MX,2021-09-10 23:35:03,18.6667,-99.4667,81.91,89,75,1.12
380,Geilo,NO,2021-09-10 23:35:04,60.5333,8.2076,55.56,87,94,4.18
381,Codrington,AU,2021-09-10 23:28:22,-38.2667,141.9667,59.67,77,93,15.28
382,Meadow Lake,US,2021-09-10 23:35:04,34.8014,-106.5436,95.83,21,0,12.86
383,Hickory,US,2021-09-10 23:33:05,35.7332,-81.3412,74.12,68,0,3.4
384,Guanica,PR,2021-09-10 23:28:55,17.9716,-66.908,83.98,78,32,1.01
385,Aubenas,FR,2021-09-10 23:35:05,44.6201,4.3899,65.44,83,25,4.68
386,Jasper,US,2021-09-10 23:35:05,37.2001,-94.3502,88.54,39,0,1.99
387,Mandalgovi,MN,2021-09-10 23:35:06,45.7625,106.2708,54.01,52,40,5.59
388,Genhe,CN,2021-09-10 23:35:06,50.7833,121.5167,45.28,91,98,1.48
389,Valle Hermoso,MX,2021-09-10 23:35:06,25.6667,-97.8333,93.34,49,58,17.43
390,Havoysund,NO,2021-09-10 23:35:07,70.9963,24.6622,43.92,73,87,12.5
391,Igrim,RU,2021-09-10 23:35:07,63.1906,64.4162,41.95,95,100,12.37
392,Svetlogorsk,BY,2021-09-10 23:35:07,52.6333,29.7333,55.13,73,42,2.51
393,Saint Anthony,US,2021-09-10 23:35:08,45.0205,-93.218,81.93,53,1,3.0
394,Brae,GB,2021-09-10 23:35:08,60.3964,-1.353,57.11,98,100,9.66
395,Peniche,PT,2021-09-10 23:31:11,39.3558,-9.3811,70.09,91,96,0.07
396,Itoman,JP,2021-09-10 23:35:08,26.1247,127.6694,84.58,84,75,12.66
397,Mopipi,BW,2021-09-10 23:35:09,-21.1833,24.8833,63.34,45,0,15.86
398,Pochinki,RU,2021-09-10 23:35:09,54.6988,44.8668,45.57,85,21,3.11
399,College,US,2021-09-10 23:29:07,64.8569,-147.8028,66.52,55,75,3.44
400,Shitanjing,CN,2021-09-10 23:35:10,39.2342,106.3439,71.08,27,0,4.76
401,Viloco,BO,2021-09-10 23:35:10,-16.95,-67.55,43.48,85,51,4.21
402,Almaznyy,RU,2021-09-10 23:35:10,48.0448,40.045,51.94,44,0,0.51
403,Baker City,US,2021-09-10 23:35:11,44.7749,-117.8344,69.51,71,90,6.91
404,Kapit,MY,2021-09-10 23:35:11,2.0167,112.9333,74.1,99,100,1.54
405,Dwarka,IN,2021-09-10 23:35:11,22.2394,68.9678,80.92,87,74,11.3
406,Benguela,AO,2021-09-10 23:35:12,-12.5763,13.4055,70.93,87,90,1.34
407,Quelimane,MZ,2021-09-10 23:35:12,-17.8786,36.8883,71.55,78,40,5.75
408,Oranjemund,NA,2021-09-10 23:35:12,-28.55,16.4333,54.79,74,55,3.44
409,Montauban,FR,2021-09-10 23:35:13,44.0833,1.5,68.68,88,48,4.14
410,Siuna,NI,2021-09-10 23:35:13,13.7332,-84.7773,75.42,95,98,2.51
411,Ucluelet,CA,2021-09-10 23:23:01,48.9329,-125.5528,76.05,81,99,8.39
412,Raipur,IN,2021-09-10 23:31:22,21.2333,81.6333,73.18,95,90,4.36
413,Qaqortoq,GL,2021-09-10 23:26:58,60.7167,-46.0333,45.1,92,100,2.48
414,Rocha,UY,2021-09-10 23:23:27,-34.4833,-54.3333,53.26,96,79,10.85
415,Ust-Ishim,RU,2021-09-10 23:35:14,57.6935,71.1665,42.67,93,94,7.87
416,Zdvinsk,RU,2021-09-10 23:35:14,54.7021,78.661,48.47,92,95,14.72
417,Parabel,RU,2021-09-10 23:35:15,58.6978,81.4825,46.99,95,99,11.5
418,Ariogala,LT,2021-09-10 23:35:15,55.2667,23.4667,57.78,77,17,6.17
419,Siguiri,GN,2021-09-10 23:35:15,11.6667,-9.5,70.61,94,97,2.8
420,Keighley,GB,2021-09-10 23:31:52,53.8679,-1.9066,64.71,98,75,3.0
421,Gondanglegi,ID,2021-09-10 23:35:16,-7.7479,112.0132,79.02,74,88,15.93
422,Barcelos,PT,2021-09-10 23:27:55,41.5388,-8.6151,64.92,89,15,3.09
423,Mackay,AU,2021-09-10 23:28:53,-21.15,149.2,74.05,78,90,14.97
424,Calama,CL,2021-09-10 23:35:16,-22.4667,-68.9333,64.89,15,0,18.41
425,Malanville,BJ,2021-09-10 23:35:17,11.8685,3.3899,76.5,90,83,8.7
426,Ponta Delgada,PT,2021-09-10 23:29:06,37.7333,-25.6667,70.52,78,20,12.66
427,Namanyere,TZ,2021-09-10 23:35:17,-7.5167,31.05,63.59,50,40,14.36
428,Greensburg,US,2021-09-10 23:34:11,40.3015,-79.5389,70.18,74,20,0.0
429,Ust-Kuyga,RU,2021-09-10 23:35:17,70.0167,135.6,47.93,45,41,7.58
430,Alekseyevsk,RU,2021-09-10 23:35:18,57.8406,108.3492,46.69,89,100,2.44
431,Homer,US,2021-09-10 23:27:38,59.6425,-151.5483,57.07,82,20,0.0
432,Lazaro Cardenas,MX,2021-09-10 23:27:44,17.9583,-102.2,83.66,81,85,10.49
433,Vytegra,RU,2021-09-10 23:35:19,61.0064,36.4481,43.16,78,68,5.19
434,Yuci,CN,2021-09-10 23:26:33,37.6803,112.7319,60.55,88,0,0.0
435,Lukulu,ZM,2021-09-10 23:35:19,-14.3707,23.242,70.23,37,23,8.21
436,Pitelino,RU,2021-09-10 23:35:20,54.5777,41.8145,48.85,94,7,4.23
437,Hadejia,NG,2021-09-10 23:35:20,12.4498,10.0444,79.99,69,8,7.34
438,Snyder,US,2021-09-10 23:32:35,32.7179,-100.9176,96.1,24,1,10.36
439,Naze,JP,2021-09-10 23:27:31,28.3667,129.4833,83.32,82,33,9.89
440,Menongue,AO,2021-09-10 23:35:21,-14.6585,17.691,61.32,31,7,4.81
441,Aras,ES,2021-09-10 23:35:21,42.5617,-2.356,58.06,94,0,1.14
442,Hakkari,TR,2021-09-10 23:35:21,37.5833,44.1667,54.93,56,0,0.63
443,Trairi,BR,2021-09-10 23:34:58,-3.2778,-39.2689,77.47,86,78,9.6
444,Tucumcari,US,2021-09-10 23:35:22,35.1717,-103.725,100.94,15,1,18.41
445,Gizo,SB,2021-09-10 23:35:22,-8.103,156.8419,83.35,72,65,9.13
446,Irituia,BR,2021-09-10 23:35:22,-1.7711,-47.4381,76.33,79,40,6.58
447,Lavrentiya,RU,2021-09-10 23:27:53,65.5833,-171.0,44.46,93,100,8.01
448,Beringovskiy,RU,2021-09-10 23:28:44,63.05,179.3167,40.69,87,100,6.26
449,Te Anau,NZ,2021-09-10 23:35:23,-45.4167,167.7167,43.84,93,85,5.17
450,Guerrero Negro,MX,2021-09-10 23:25:59,27.9769,-114.0611,80.01,66,40,17.16
451,Sao Miguel Do Araguaia,BR,2021-09-10 23:35:23,-13.275,-50.1628,89.31,16,44,2.89
452,Partur,IN,2021-09-10 23:35:24,19.6,76.2167,72.39,92,92,7.16
453,San Quintin,MX,2021-09-10 23:27:24,30.4833,-115.95,76.96,71,1,13.4
454,Muisne,EC,2021-09-10 23:35:24,0.6,-80.0333,74.75,86,100,9.55
455,Moerai,PF,2021-09-10 23:35:25,-22.4333,-151.3333,70.75,62,12,8.84
456,Akdepe,TM,2021-09-10 23:26:08,42.0551,59.3788,53.69,22,0,6.82
457,At-Bashi,KG,2021-09-10 23:35:25,41.1702,75.8106,44.76,80,34,1.28
458,Nouadhibou,MR,2021-09-10 23:27:28,20.931,-17.0347,82.38,83,67,12.66
459,Slobozia Moara,RO,2021-09-10 23:35:26,44.6,25.7167,61.32,33,92,6.26
460,Indramayu,ID,2021-09-10 23:35:26,-6.3264,108.32,80.08,69,77,7.27
461,Champerico,GT,2021-09-10 23:35:26,14.3,-91.9167,83.77,86,79,6.11
462,Tabou,CI,2021-09-10 23:27:18,4.423,-7.3528,76.71,87,58,3.56
463,Opuwo,NA,2021-09-10 23:35:27,-18.0607,13.84,72.39,25,8,7.56
464,Sakakah,SA,2021-09-10 23:26:50,29.9697,40.2064,83.77,18,72,5.01
465,Olinda,BR,2021-09-10 23:35:27,-8.0089,-34.8553,76.73,65,40,12.66
466,Ituporanga,BR,2021-09-10 23:35:28,-27.4144,-49.6025,57.36,79,0,1.66
467,Nemuro,JP,2021-09-10 23:23:01,43.3236,145.575,62.47,79,97,6.26
468,Pemberton,CA,2021-09-10 23:35:28,50.3164,-122.8027,76.69,45,20,6.49
469,Saquena,PE,2021-09-10 23:35:28,-4.6667,-73.5167,72.7,91,97,2.1
470,Leua,SK,2021-09-10 23:35:29,48.2156,18.6071,62.11,47,24,5.48
471,Pushkino,RU,2021-09-10 23:35:29,56.0172,37.8667,53.98,91,21,3.0
472,Sibi,PK,2021-09-10 23:35:29,29.5448,67.8764,92.97,43,2,2.26
473,Aklavik,CA,2021-09-10 23:28:06,68.2191,-135.0107,58.03,58,75,10.36
474,Mana,GF,2021-09-10 23:35:30,5.6592,-53.7767,79.18,87,54,9.42
475,Garchitorena,PH,2021-09-10 23:35:30,13.8804,123.6946,82.42,79,100,6.51
476,Wairoa,NZ,2021-09-10 23:35:30,-39.0333,177.3667,61.61,57,52,5.99
477,Launceston,AU,2021-09-10 23:33:32,-41.45,147.1667,56.8,77,67,5.01
478,Sterling,US,2021-09-10 23:34:31,39.0062,-77.4286,72.45,70,40,0.0
479,Trat,TH,2021-09-10 23:35:31,12.5,102.5,74.01,99,100,3.02
480,Mamontovo,RU,2021-09-10 23:35:31,52.7055,81.6244,52.59,74,100,17.16
481,Barreiras,BR,2021-09-10 23:31:14,-12.1528,-44.99,82.69,25,12,3.69
482,Auki,SB,2021-09-10 23:26:32,-8.7676,160.7034,82.92,70,23,4.54
483,Marawi,PH,2021-09-10 23:23:51,7.9986,124.2928,69.66,75,98,1.39
484,Tres Arroyos,AR,2021-09-10 23:35:33,-38.3739,-60.2798,53.11,73,91,7.38
485,Marquette,US,2021-09-10 23:35:33,46.5333,-87.6335,71.04,72,90,4.0
486,Rovaniemi,FI,2021-09-10 23:35:33,66.5,25.7167,42.21,93,0,4.61
487,Felipe Carrillo Puerto,MX,2021-09-10 23:35:34,19.5833,-88.05,73.71,99,100,3.24
488,Nadym,RU,2021-09-10 23:35:34,65.5333,72.5167,39.2,66,24,4.94
489,Quimper,FR,2021-09-10 23:35:34,48.0,-4.1,58.03,94,0,2.3
490,Noumea,NC,2021-09-10 23:28:27,-22.2763,166.4572,73.38,56,58,12.12
491,Statesboro,US,2021-09-10 23:35:35,32.4488,-81.7832,79.92,50,1,0.0
492,Vestmanna,FO,2021-09-10 23:26:20,62.1564,-7.1664,47.32,87,90,9.22
493,Lorengau,PG,2021-09-10 23:26:47,-2.0226,147.2712,85.01,67,89,12.17
494,Dvinskoy,RU,2021-09-10 23:35:35,62.1535,45.1175,35.92,93,32,4.23
495,Lokosovo,RU,2021-09-10 23:35:36,61.1333,74.8167,46.54,98,100,6.29
496,Bereda,ES,2021-09-10 23:35:36,43.2686,-7.5406,58.75,100,54,0.29
497,Buin,CL,2021-09-10 23:35:36,-33.7333,-70.75,68.32,65,100,3.11
498,Nhulunbuy,AU,2021-09-10 23:35:37,-12.2333,136.7667,79.41,78,90,12.66
499,Ambon,ID,2021-09-10 23:25:07,-3.6954,128.1814,75.34,100,75,4.61
500,Chernyshevskiy,RU,2021-09-10 23:35:37,63.0128,112.4714,52.77,94,100,1.5
501,Ilulissat,GL,2021-09-10 23:28:34,69.2167,-51.1,26.62,50,0,3.44
502,Konyshevka,RU,2021-09-10 23:35:38,51.8418,35.2941,51.51,79,6,2.01
503,Paamiut,GL,2021-09-10 23:35:38,61.994,-49.6678,45.37,83,97,5.3
504,Yar-Sale,RU,2021-09-10 23:26:40,66.8333,70.8333,38.73,73,86,4.14
505,Lagunas,PE,2021-09-10 23:35:39,-5.2269,-75.6753,71.28,98,100,1.59
506,Broken Arrow,US,2021-09-10 23:35:39,36.0526,-95.7908,90.97,41,1,1.99
507,Chuy,UY,2021-09-10 23:26:22,-33.6971,-53.4616,55.51,92,63,9.73
508,Deputatskiy,RU,2021-09-10 23:35:39,69.3,139.9,39.99,51,77,2.26
509,Colac,AU,2021-09-10 23:35:25,-38.3333,143.5833,70.02,51,85,13.38
510,Lasa,IT,2021-09-10 23:28:40,46.6166,10.7002,58.03,90,99,1.34
511,Camacha,PT,2021-09-10 23:29:09,33.0833,-16.3333,72.54,78,20,2.3
512,Presidencia Roque Saenz Pena,AR,2021-09-10 23:35:40,-26.7852,-60.4388,61.07,48,0,6.17
513,Mattru,SL,2021-09-10 23:35:40,7.6244,-11.8332,72.61,99,100,1.59
514,Roma,US,2021-09-10 23:35:41,43.2128,-75.4557,64.54,63,90,9.22
515,Dinard,FR,2021-09-10 23:35:41,48.6314,-2.0614,62.69,82,90,4.61
516,Chitral,PK,2021-09-10 23:35:41,35.8462,71.7858,70.83,65,34,3.33
517,Lima,PE,2021-09-10 23:33:00,-12.0432,-77.0282,59.25,77,90,8.05
518,Moshi,TZ,2021-09-10 23:35:42,-3.35,37.3333,65.86,79,91,2.01
519,Gari,RU,2021-09-10 23:35:42,59.4307,62.3497,38.37,97,100,14.27
520,Tambacounda,SN,2021-09-10 23:35:43,13.7539,-13.7586,78.85,94,90,2.3
521,Tilichiki,RU,2021-09-10 23:27:15,60.4667,166.1,38.14,57,99,21.43
522,Adjumani,UG,2021-09-10 23:35:43,3.3779,31.7909,64.33,98,83,2.89
523,Meulaboh,ID,2021-09-10 23:27:39,4.1363,96.1285,74.91,90,76,3.87
524,Ayan,RU,2021-09-10 23:35:44,56.45,138.1667,54.18,65,16,4.12
525,Havelock,US,2021-09-10 23:35:44,34.8791,-76.9013,77.0,63,20,1.01
526,Saint-Georges,GD,2021-09-10 23:35:44,12.0564,-61.7485,76.68,88,75,13.8
527,Huaral,PE,2021-09-10 23:35:45,-11.495,-77.2078,58.93,83,38,3.91
528,Nouakchott,MR,2021-09-10 23:35:45,18.0858,-15.9785,84.13,84,100,10.02
529,Pout,SN,2021-09-10 23:35:45,14.7739,-17.0603,78.78,88,20,5.75
530,Smithers,CA,2021-09-10 23:35:46,54.7804,-127.1743,53.92,87,90,2.3
531,Saint-Joseph,RE,2021-09-10 23:35:18,-21.3667,55.6167,68.36,79,17,9.6
532,Keetmanshoop,NA,2021-09-10 23:35:46,-26.5833,18.1333,73.15,23,0,7.02
533,Nancha,CN,2021-09-10 23:35:46,47.1333,129.2667,57.18,71,84,1.16
534,Coihaique,CL,2021-09-10 23:23:19,-45.5752,-72.0662,44.55,81,90,4.61
535,Bridgetown,BB,2021-09-10 23:32:43,13.1,-59.6167,82.89,74,40,13.8
536,Batsfjord,NO,2021-09-10 23:35:47,70.6345,29.7185,42.08,85,63,12.39
537,Raga,SS,2021-09-10 23:35:47,8.4596,25.678,67.96,97,96,2.46
538,Vuktyl,RU,2021-09-10 23:35:48,63.8567,57.3094,38.84,90,98,11.16
539,Yumen,CN,2021-09-10 23:35:48,40.2833,97.2,66.47,18,26,7.2
540,Vallenar,CL,2021-09-10 23:35:48,-28.5708,-70.7581,66.0,42,63,3.76
541,Carutapera,BR,2021-09-10 23:35:49,-1.195,-46.02,79.05,75,30,9.42
542,Nevyansk,RU,2021-09-10 23:35:49,57.4953,60.2112,37.69,74,36,13.4
543,Bosaso,SO,2021-09-10 23:35:49,11.2842,49.1816,91.45,46,8,5.01
544,Hobyo,SO,2021-09-10 23:28:17,5.3505,48.5268,76.84,82,96,28.68
545,Kuna,US,2021-09-10 23:33:19,43.4918,-116.4201,74.48,89,1,4.61
546,Riberalta,BO,2021-09-10 23:35:50,-10.9833,-66.1,77.2,83,75,0.0
547,Makakilo City,US,2021-09-10 23:28:22,21.3469,-158.0858,84.61,60,75,11.5
548,Kasongo,CD,2021-09-10 23:35:51,-4.45,26.6667,76.26,43,87,3.09
549,Hasanabad,IR,2021-09-10 23:35:51,36.5465,61.0543,62.82,36,0,0.0
550,Gat,IL,2021-09-10 23:35:51,31.61,34.7642,77.68,100,82,9.51
551,Chernaya Kholunitsa,RU,2021-09-10 23:35:52,58.8511,51.7154,35.15,98,49,6.06
552,Anajatuba,BR,2021-09-10 23:35:52,-3.2644,-44.6197,78.17,74,52,7.87
553,Nuuk,GL,2021-09-10 23:35:52,64.1835,-51.7216,41.61,60,39,10.36
554,Barra Dos Coqueiros,BR,2021-09-10 23:35:52,-10.9089,-37.0386,77.02,78,40,10.36
555,Westport,US,2021-09-10 23:30:59,41.1415,-73.3579,71.98,60,1,1.99
556,Cairns,AU,2021-09-10 23:35:53,-16.9167,145.7667,79.11,73,40,12.66
557,Polyarnyy,RU,2021-09-10 23:35:53,69.1989,33.4478,37.87,89,56,17.02
558,Guanay,BO,2021-09-10 23:35:54,-15.4975,-67.8797,66.65,96,68,1.48
559,Tak,TH,2021-09-10 23:35:54,16.5833,98.8333,69.51,99,100,1.86
560,Hasaki,JP,2021-09-10 23:27:49,35.7333,140.8333,75.6,82,96,4.79
561,Hokitika,NZ,2021-09-10 23:35:54,-42.7167,170.9667,49.86,74,66,9.08
562,Prince Rupert,CA,2021-09-10 23:35:55,54.3161,-130.3201,55.49,79,90,12.66
563,Burayevo,RU,2021-09-10 23:35:55,55.8407,55.4083,44.19,69,55,10.69
564,Pangkalanbuun,ID,2021-09-10 23:35:55,-2.6833,111.6167,77.4,92,94,1.41
